    ,id  ,c0_i0                 ,c0_i1                 ,c1_i0                 ,c1_i1
  0 ,  0 ,0.646702229976654     ,0.6473502516746521    ,0.5650351047515869    ,0.5663473606109619
  1 ,  1 ,0.4399678409099579    ,0.4393083453178406    ,0.3938031792640686    ,0.3937021493911743
  2 ,  2 ,0.5025663375854492    ,0.501072347164154     ,0.5274277329444885    ,0.5265222191810608
  3 ,  3 ,0.9979749321937561    ,0.9977327585220337    ,0.0926903486251831    ,0.09007376432418823
  4 ,  4 ,0.9414836764335632    ,0.9411170482635498    ,0.8822335004806519    ,0.8808176517486572
  5 ,  5 ,0.8265685439109802    ,0.8265411853790283    ,0.6192092299461365    ,0.620223343372345
  6 ,  6 ,0.7260075211524963    ,0.7254855036735535    ,0.10253190249204636   ,0.10432446002960205
  7 ,  7 ,0.8940658569335938    ,0.8941181898117065    ,0.9550641179084778    ,0.9556063413619995
  8 ,  8 ,0.2985624670982361    ,0.29561179876327515   ,0.9488089680671692    ,0.9516744017601013
  9 ,  9 ,0.8442743420600891    ,0.8433270454406738    ,0.0005518202087841928 ,0.0005487631424330175
 10 , 10 ,0.9969944953918457    ,0.9971996545791626    ,0.003736404934898019  ,0.0034511443227529526
 11 , 11 ,0.02816750667989254   ,0.028053751215338707  ,0.9957889914512634    ,0.9958692193031311
 12 , 12 ,0.941196620464325     ,0.9395366907119751    ,0.9524333477020264    ,0.9524806141853333
 13 , 13 ,0.9621087312698364    ,0.9628793597221375    ,0.982089638710022     ,0.9825282692909241
 14 , 14 ,0.9979752898216248    ,0.9977210164070129    ,0.21976608037948608   ,0.21524673700332642
 15 , 15 ,0.5801703929901123    ,0.5769001245498657    ,0.5332695245742798    ,0.5304144024848938
 16 , 16 ,0.4840085208415985    ,0.48505640029907227   ,0.5787708163261414    ,0.5801416635513306
 17 , 17 ,0.5781306624412537    ,0.5767197012901306    ,0.5895776152610779    ,0.5906886458396912
 18 , 18 ,0.6668819189071655    ,0.6644910573959351    ,0.6327930688858032    ,0.630275547504425
 19 , 19 ,0.3893679976463318    ,0.3881880044937134    ,0.4225434362888336    ,0.4225994050502777
 20 , 20 ,0.680465042591095     ,0.6819254755973816    ,0.7460019588470459    ,0.7468510866165161
 21 , 21 ,0.4789552688598633    ,0.47747308015823364   ,0.5126171112060547    ,0.5135928988456726
 22 , 22 ,0.9645122289657593    ,0.9650511741638184    ,0.4616427421569824    ,0.4638320803642273
 23 , 23 ,0.38203826546669006   ,0.38079509139060974   ,0.8316457867622375    ,0.829606294631958
 24 , 24 ,0.10181044042110443   ,0.10166747123003006   ,0.336223304271698     ,0.33620449900627136
 25 , 25 ,0.9043022394180298    ,0.9070907831192017    ,0.9219592213630676    ,0.9247694611549377
 26 , 26 ,0.5629374384880066    ,0.5608200430870056    ,0.5866894721984863    ,0.5848555564880371
 27 , 27 ,0.6094110012054443    ,0.6114740967750549    ,0.7597773671150208    ,0.7604687213897705
 28 , 28 ,0.7034139633178711    ,0.6999791860580444    ,0.5033637881278992    ,0.49904829263687134
 29 , 29 ,0.5153005123138428    ,0.5158090591430664    ,0.2795020043849945    ,0.28193771839141846
 30 , 30 ,0.5711337327957153    ,0.5720451474189758    ,0.33055001497268677   ,0.3371056318283081
 31 , 31 ,0.5022207498550415    ,0.5019180178642273    ,0.35283493995666504   ,0.3530157506465912
 32 , 32 ,0.46564722061157227   ,0.46562379598617554   ,0.5660116672515869    ,0.5663506984710693
 33 , 33 ,0.3254860043525696    ,0.32407402992248535   ,0.5558510422706604    ,0.5543845891952515
 34 , 34 ,0.23265531659126282   ,0.2344691902399063    ,0.12269559502601624   ,0.12299066036939621
 35 , 35 ,0.33034640550613403   ,0.3295677900314331    ,0.2641374170780182    ,0.2638467848300934
 36 , 36 ,0.302433043718338     ,0.30070731043815613   ,0.9346965551376343    ,0.9342852234840393
 37 , 37 ,0.3549499213695526    ,0.35519593954086304   ,0.09390391409397125   ,0.09361185133457184
 38 , 38 ,0.5891541838645935    ,0.5920278429985046    ,0.4741199314594269    ,0.47644490003585815
 39 , 39 ,0.6351006031036377    ,0.6364489793777466    ,0.6708644032478333    ,0.6723875999450684
 40 , 40 ,0.5938822627067566    ,0.592992901802063     ,0.6201375722885132    ,0.6194490790367126
 41 , 41 ,0.44505828619003296   ,0.44422245025634766   ,0.43672993779182434   ,0.4358048141002655
 42 , 42 ,0.3982603847980499    ,0.3992272913455963    ,0.2810105085372925    ,0.2817763388156891
 43 , 43 ,0.43611547350883484   ,0.43692639470100403   ,0.5375045537948608    ,0.5402542948722839
 44 , 44 ,0.025708671659231186  ,0.026072705164551735  ,0.05795693024992943   ,0.05838492885231972
 45 , 45 ,0.2871968150138855    ,0.28476327657699585   ,0.8491743803024292    ,0.8490052819252014
 46 , 46 ,0.1176048219203949    ,0.1145823746919632    ,0.04844143986701965   ,0.046335771679878235
 47 , 47 ,0.3045405447483063    ,0.30610594153404236   ,0.21795012056827545   ,0.21972906589508057
 48 , 48 ,0.09816578775644302   ,0.0967126414179802    ,0.08323273062705994   ,0.08168809115886688
 49 , 49 ,0.09636794775724411   ,0.09392699599266052   ,0.9874833822250366    ,0.9874749779701233
 50 , 50 ,0.26499035954475403   ,0.2639886438846588    ,0.2133794128894806    ,0.21237622201442719
 51 , 51 ,0.12281324714422226   ,0.12404786050319672   ,0.9420403242111206    ,0.9423666000366211
 52 , 52 ,0.75126713514328      ,0.7508245706558228    ,0.9741117358207703    ,0.9737062454223633
 53 , 53 ,0.8656009435653687    ,0.8683873414993286    ,0.8312368392944336    ,0.8345052599906921
 54 , 54 ,0.013068005442619324  ,0.012910611927509308  ,0.9877305626869202    ,0.9886461496353149
 55 , 55 ,0.39551693201065063   ,0.39520034193992615   ,0.3998722434043884    ,0.39962199330329895
 56 , 56 ,0.7939175963401794    ,0.795171856880188     ,0.7833856344223022    ,0.7844457626342773
 57 , 57 ,0.7268859148025513    ,0.7220445871353149    ,0.5199373364448547    ,0.5155841112136841
 58 , 58 ,0.6803951859474182    ,0.6809071898460388    ,0.8443800806999207    ,0.8445433378219604
 59 , 59 ,0.6330406069755554    ,0.6347830295562744    ,0.5973686575889587    ,0.5987230539321899
 60 , 60 ,0.763259768486023     ,0.7649784684181213    ,0.7226393222808838    ,0.7240073680877686
 61 , 61 ,0.864647626876831     ,0.8679338693618774    ,0.7731451392173767    ,0.7757279276847839
 62 , 62 ,0.6884592771530151    ,0.6911913752555847    ,0.6806371212005615    ,0.6832346320152283
 63 , 63 ,0.38189613819122314   ,0.38380393385887146   ,0.3657327890396118    ,0.36778494715690613
 64 , 64 ,0.7586899399757385    ,0.75873202085495      ,0.4678919017314911    ,0.46899449825286865
 65 , 65 ,0.2944249212741852    ,0.29424595832824707   ,0.5102145075798035    ,0.5052375197410583
 66 , 66 ,0.523628830909729     ,0.5236669778823853    ,0.5725287199020386    ,0.5725646615028381
 67 , 67 ,0.601329505443573     ,0.602087676525116     ,0.3777441680431366    ,0.3772066831588745
 68 , 68 ,0.668874204158783     ,0.6685740351676941    ,0.32469040155410767   ,0.3234161138534546
 69 , 69 ,0.671169102191925     ,0.669431746006012     ,0.49313434958457947   ,0.49133673310279846
 70 , 70 ,0.5930969715118408    ,0.592495322227478     ,0.6220927834510803    ,0.6213775277137756
 71 , 71 ,0.931369423866272     ,0.9311618208885193    ,0.4132273495197296    ,0.4146825969219208
 72 , 72 ,0.9683175086975098    ,0.96559739112854      ,0.005004501901566982  ,0.005063727498054504
 73 , 73 ,0.7720131278038025    ,0.7727546691894531    ,0.7678265571594238    ,0.7717494368553162
 74 , 74 ,0.8754624724388123    ,0.874218761920929     ,0.9344854950904846    ,0.9340116381645203
 75 , 75 ,0.9908340573310852    ,0.9910624027252197    ,0.9982391595840454    ,0.9982755184173584
 76 , 76 ,0.8262701034545898    ,0.8263127207756042    ,0.9861111640930176    ,0.9863272905349731
 77 , 77 ,0.9984115362167358    ,0.9983432292938232    ,0.9908393025398254    ,0.9903934597969055
 78 , 78 ,0.9941580295562744    ,0.9945662021636963    ,0.9981356859207153    ,0.9982422590255737
 79 , 79 ,0.9993231296539307    ,0.9993396401405334    ,0.9993271827697754    ,0.9993447661399841
 80 , 80 ,0.35370907187461853   ,0.35125163197517395   ,0.6907265782356262    ,0.6915314793586731
 81 , 81 ,0.7863456010818481    ,0.7910009622573853    ,0.4697088599205017    ,0.46955034136772156
 82 , 82 ,0.45377132296562195   ,0.4509201943874359    ,0.4997624456882477    ,0.49722346663475037
 83 , 83 ,0.9217807650566101    ,0.9227808713912964    ,0.938440203666687     ,0.9387487173080444
 84 , 84 ,0.8958030343055725    ,0.8947269916534424    ,0.7609132528305054    ,0.7606172561645508
 85 , 85 ,0.9983689188957214    ,0.9984623193740845    ,0.89339679479599      ,0.893546462059021
 86 , 86 ,0.42540761828422546   ,0.42697954177856445   ,0.04178015887737274   ,0.0409463569521904
 87 , 87 ,0.39115530252456665   ,0.38918718695640564   ,0.6287969350814819    ,0.6308821439743042
 88 , 88 ,0.7875846028327942    ,0.7882639765739441    ,0.30254045128822327   ,0.29899847507476807
 89 , 89 ,0.8297847509384155    ,0.8284583687782288    ,0.9811534881591797    ,0.9814366698265076
 90 , 90 ,0.9336187243461609    ,0.9304287433624268    ,0.310560941696167     ,0.3125487267971039
 91 , 91 ,0.34836646914482117   ,0.34785953164100647   ,0.5294356346130371    ,0.5298569202423096
 92 , 92 ,0.22314687073230743   ,0.22205191850662231   ,0.3547452688217163    ,0.3536093235015869
 93 , 93 ,0.3949596583843231    ,0.394972026348114     ,0.4424954354763031    ,0.44243568181991577
 94 , 94 ,0.7779155969619751    ,0.7760910987854004    ,0.8073909878730774    ,0.8060172200202942
 95 , 95 ,0.8399759531021118    ,0.8375699520111084    ,0.5433992147445679    ,0.543474018573761
 96 , 96 ,0.3963167369365692    ,0.3943912982940674    ,0.8675947785377502    ,0.8661475777626038
 97 , 97 ,0.61274653673172      ,0.6152894496917725    ,0.4929839074611664    ,0.496792733669281
 98 , 98 ,0.9986531734466553    ,0.9986258745193481    ,0.9992398023605347    ,0.9992440938949585
 99 , 99 ,0.7361353039741516    ,0.7377290725708008    ,0.9242022037506104    ,0.9256525635719299
100 ,100 ,0.4581789970397949    ,0.4577203392982483    ,0.4834396243095398    ,0.48304617404937744
101 ,101 ,0.5525319576263428    ,0.5526349544525146    ,0.6334523558616638    ,0.6333625316619873
102 ,102 ,0.3061199188232422    ,0.30592358112335205   ,0.24136221408843994   ,0.24047936499118805
103 ,103 ,0.3053438663482666    ,0.30717891454696655   ,0.30653756856918335   ,0.30875593423843384
104 ,104 ,0.3183482885360718    ,0.31623977422714233   ,0.556034505367279     ,0.5555124282836914
105 ,105 ,0.5474714040756226    ,0.549675464630127     ,0.5261167287826538    ,0.5273029804229736
106 ,106 ,0.40580782294273376   ,0.406077116727829     ,0.4620998799800873    ,0.46125656366348267
107 ,107 ,0.3022640645503998    ,0.3060331344604492    ,0.45918387174606323   ,0.46210014820098877
108 ,108 ,0.347962349653244     ,0.3499571979045868    ,0.6709688901901245    ,0.6693055033683777
109 ,109 ,0.6164157390594482    ,0.6161120533943176    ,0.48449671268463135   ,0.48447802662849426
110 ,110 ,0.6224347949028015    ,0.6223233938217163    ,0.4046962261199951    ,0.40361112356185913
111 ,111 ,0.5005064010620117    ,0.4990060031414032    ,0.5284556746482849    ,0.5291211009025574
112 ,112 ,0.3157486021518707    ,0.31493714451789856   ,0.22200638055801392   ,0.22210271656513214
113 ,113 ,0.34677284955978394   ,0.3447001278400421    ,0.5657451152801514    ,0.5654944777488708
114 ,114 ,0.23230981826782227   ,0.23160459101200104   ,0.4652041494846344    ,0.4683166742324829
115 ,115 ,0.7223044633865356    ,0.7213327884674072    ,0.8136513829231262    ,0.813194215297699
116 ,116 ,0.5013975501060486    ,0.49852368235588074   ,0.1420765370130539    ,0.14064611494541168
117 ,117 ,0.44602644443511963   ,0.4460846185684204    ,0.42866480350494385   ,0.42858681082725525
118 ,118 ,0.2874324321746826    ,0.28525927662849426   ,0.31899434328079224   ,0.3171476423740387
119 ,119 ,0.6413485407829285    ,0.6452715992927551    ,0.6010631918907166    ,0.6057847738265991
120 ,120 ,0.8275459408760071    ,0.8253284692764282    ,0.7276226878166199    ,0.7254392504692078
121 ,121 ,0.34047406911849976   ,0.34615370631217957   ,0.3964051902294159    ,0.4023169279098511
122 ,122 ,0.1491905301809311    ,0.15105211734771729   ,0.11890546977519989   ,0.11964515596628189
123 ,123 ,0.40214067697525024   ,0.40915387868881226   ,0.03210613131523132   ,0.03324737772345543
124 ,124 ,0.6928731799125671    ,0.6924420595169067    ,0.48461928963661194   ,0.48391470313072205
125 ,125 ,0.2928396463394165    ,0.2931102514266968    ,0.34722593426704407   ,0.34842923283576965
126 ,126 ,0.8073585033416748    ,0.8065763115882874    ,0.809827983379364     ,0.8090960383415222
127 ,127 ,0.7085597515106201    ,0.7089000940322876    ,0.7678430080413818    ,0.7648106813430786
128 ,128 ,0.23024457693099976   ,0.22893935441970825   ,0.2072245329618454    ,0.20659764111042023
129 ,129 ,0.04807749018073082   ,0.04778299853205681   ,0.05558861047029495   ,0.055286139249801636
130 ,130 ,0.5309811234474182    ,0.5324284434318542    ,0.5891987681388855    ,0.5904070138931274
131 ,131 ,0.26300665736198425   ,0.2632741630077362    ,0.47947123646736145   ,0.4807291626930237
132 ,132 ,0.07944303750991821   ,0.0766746774315834    ,0.9793236255645752    ,0.9791533946990967
133 ,133 ,0.9350847601890564    ,0.9335358142852783    ,0.9557021856307983    ,0.9561896920204163
134 ,134 ,0.9173441529273987    ,0.9184735417366028    ,0.9859170317649841    ,0.985900342464447
135 ,135 ,0.23072470724582672   ,0.22900694608688354   ,0.23424962162971497   ,0.23236116766929626
136 ,136 ,0.0004967352724634111 ,0.0004985168925486505 ,0.9904659986495972    ,0.9910092353820801
137 ,137 ,0.5320214629173279    ,0.5319344401359558    ,0.5503638386726379    ,0.5501012802124023
138 ,138 ,0.5504083037376404    ,0.5536726117134094    ,0.38911059498786926   ,0.3933009207248688
139 ,139 ,0.7126811146736145    ,0.7130411267280579    ,0.6974809169769287    ,0.6980414986610413
140 ,140 ,0.10075084865093231   ,0.10237615555524826   ,0.8367822170257568    ,0.8387446403503418
141 ,141 ,0.13725405931472778   ,0.1357472985982895    ,0.8391866683959961    ,0.8390856981277466
142 ,142 ,0.7058297991752625    ,0.7026388645172119    ,0.6715042591094971    ,0.6692131161689758
143 ,143 ,0.21520185470581055   ,0.21379722654819489   ,0.6148819327354431    ,0.6143207550048828
144 ,144 ,0.6644607782363892    ,0.6628761887550354    ,0.14522244036197662   ,0.14614707231521606
145 ,145 ,0.7862151265144348    ,0.7863911986351013    ,0.6214972734451294    ,0.6204105019569397
146 ,146 ,0.6619784235954285    ,0.6600074768066406    ,0.6509993076324463    ,0.6496631503105164
147 ,147 ,0.8404615521430969    ,0.8398314118385315    ,0.6823009848594666    ,0.6823542714118958
148 ,148 ,0.1410093754529953    ,0.14334982633590698   ,0.8268235921859741    ,0.8252092599868774
149 ,149 ,0.7275636792182922    ,0.7313448786735535    ,0.6237881779670715    ,0.6281059980392456
150 ,150 ,0.6450942158699036    ,0.644262969493866     ,0.748148500919342     ,0.7476685047149658
151 ,151 ,0.32619303464889526   ,0.3275027871131897    ,0.5631294250488281    ,0.5589680075645447
152 ,152 ,0.954093337059021     ,0.9540654420852661    ,0.9289404153823853    ,0.9287084341049194
153 ,153 ,0.0008136837277561426 ,0.0008115615928545594 ,0.9987414479255676    ,0.9986942410469055
154 ,154 ,0.550125777721405     ,0.5492755174636841    ,0.9959418177604675    ,0.995955228805542
155 ,155 ,0.9729486703872681    ,0.9710869193077087    ,0.9701070785522461    ,0.9687390923500061
156 ,156 ,0.34784215688705444   ,0.34921377897262573   ,0.4332272708415985    ,0.4369279146194458
157 ,157 ,0.08964039385318756   ,0.09065494686365128   ,0.7012375593185425    ,0.7014519572257996
158 ,158 ,0.6571441292762756    ,0.6603714823722839    ,0.9618617296218872    ,0.9615696668624878
159 ,159 ,0.9825466275215149    ,0.9817541241645813    ,0.008452985435724258  ,0.009084062650799751
160 ,160 ,0.7561554908752441    ,0.7523291110992432    ,0.4209746718406677    ,0.4199732542037964
161 ,161 ,0.13343320786952972   ,0.13448107242584229   ,0.4671180248260498    ,0.4665326774120331
162 ,162 ,0.985374927520752     ,0.984334409236908     ,0.005826087668538094  ,0.006122067105025053
163 ,163 ,0.07813727110624313   ,0.08133311569690704   ,0.9221967458724976    ,0.9205432534217834
164 ,164 ,0.502240777015686     ,0.5030391216278076    ,0.3977830111980438    ,0.40088993310928345
165 ,165 ,0.6735586524009705    ,0.6823887825012207    ,0.898597002029419     ,0.9035947918891907
166 ,166 ,0.8302841186523438    ,0.8321850895881653    ,0.6761728525161743    ,0.6796473860740662
167 ,167 ,0.5212725400924683    ,0.5188037157058716    ,0.9300704598426819    ,0.9293127655982971
168 ,168 ,0.8065131902694702    ,0.8052682280540466    ,0.4054645597934723    ,0.40704771876335144
169 ,169 ,0.9987058639526367    ,0.9987127780914307    ,0.0018416098318994045 ,0.0018901691073551774
170 ,170 ,0.6113412380218506    ,0.6133962273597717    ,0.009907367639243603  ,0.009962053969502449
171 ,171 ,0.9510550498962402    ,0.9513508081436157    ,0.000866061425767839  ,0.0008546130266040564
172 ,172 ,0.6329035758972168    ,0.6359731554985046    ,0.8426833748817444    ,0.8452937602996826
173 ,173 ,0.9768419861793518    ,0.9770673513412476    ,0.020145444199442863  ,0.01985301822423935
174 ,174 ,0.7215721607208252    ,0.7224348187446594    ,0.8122137784957886    ,0.8130021095275879
175 ,175 ,0.430168092250824     ,0.42810046672821045   ,0.8528450727462769    ,0.8515138626098633
176 ,176 ,0.7435896992683411    ,0.7461913824081421    ,0.0011319720651954412 ,0.00113668164703995
177 ,177 ,0.0004908695700578392 ,0.0004903220105916262 ,0.9987382292747498    ,0.9988238215446472
178 ,178 ,0.7784023880958557    ,0.7794000506401062    ,0.7653884887695312    ,0.7656340003013611
179 ,179 ,0.6499620676040649    ,0.6484548449516296    ,0.7353854775428772    ,0.7335647940635681
180 ,180 ,0.8259438872337341    ,0.82646644115448      ,0.8778865337371826    ,0.8785778880119324
181 ,181 ,0.8370265364646912    ,0.8383529186248779    ,0.8369184732437134    ,0.8383122086524963
182 ,182 ,0.9311526417732239    ,0.9305561184883118    ,0.9329113364219666    ,0.9324684143066406
183 ,183 ,0.6145280003547668    ,0.613129198551178     ,0.6065781116485596    ,0.6052154302597046
184 ,184 ,0.41864120960235596   ,0.41863393783569336   ,0.34437307715415955   ,0.34447401762008667
185 ,185 ,0.7485804557800293    ,0.7485287189483643    ,0.75288987159729      ,0.7527238726615906
186 ,186 ,0.8707541823387146    ,0.8743435740470886    ,0.8699316382408142    ,0.8733128309249878
187 ,187 ,0.7977876663208008    ,0.7988629937171936    ,0.7978740334510803    ,0.7988895773887634
188 ,188 ,0.9241960644721985    ,0.9249547719955444    ,0.9012212753295898    ,0.902640163898468
189 ,189 ,0.9798034429550171    ,0.9798288941383362    ,0.8187118172645569    ,0.8168637156486511
190 ,190 ,0.7143076658248901    ,0.7138909697532654    ,0.7404007315635681    ,0.7396731972694397
191 ,191 ,0.569157063961029     ,0.5667338967323303    ,0.28502801060676575   ,0.27801719307899475
192 ,192 ,0.6260370016098022    ,0.6218059062957764    ,0.8584048748016357    ,0.8525736927986145
193 ,193 ,0.7242697477340698    ,0.7239262461662292    ,0.6687043905258179    ,0.669441819190979
194 ,194 ,0.3502364456653595    ,0.34853073954582214   ,0.5153049230575562    ,0.5145260691642761
195 ,195 ,0.02274724468588829   ,0.02286321483552456   ,0.12155260890722275   ,0.12192767858505249
196 ,196 ,0.6519016623497009    ,0.6526132822036743    ,0.2696031630039215    ,0.2702590525150299
197 ,197 ,0.2810121476650238    ,0.2793301045894623    ,0.633306086063385     ,0.6329047083854675
198 ,198 ,0.9315547943115234    ,0.9309341907501221    ,0.8287190198898315    ,0.8314182758331299
199 ,199 ,0.29180026054382324   ,0.2917843163013458    ,0.06741823256015778   ,0.06703507155179977
200 ,200 ,0.47935059666633606   ,0.4830808639526367    ,0.49880510568618774   ,0.5027503967285156
201 ,201 ,0.41562342643737793   ,0.41511550545692444   ,0.27069589495658875   ,0.2707578241825104
202 ,202 ,0.5097505450248718    ,0.5069085955619812    ,0.3807440400123596    ,0.3760676980018616
203 ,203 ,0.5884880423545837    ,0.5869982838630676    ,0.4937949478626251    ,0.49201905727386475
204 ,204 ,0.37205129861831665   ,0.36592957377433777   ,0.15106037259101868   ,0.14670224487781525
205 ,205 ,0.5889801979064941    ,0.5878422260284424    ,0.5278329849243164    ,0.5275012850761414
206 ,206 ,0.4903397858142853    ,0.4906592071056366    ,0.49364152550697327   ,0.4939250648021698
207 ,207 ,0.7365752458572388    ,0.7366823554039001    ,0.11929554492235184   ,0.11976474523544312
208 ,208 ,0.20832610130310059   ,0.2077053189277649    ,0.23269405961036682   ,0.23295561969280243
209 ,209 ,0.2722572982311249    ,0.26954448223114014   ,0.1254618614912033    ,0.12337320297956467
210 ,210 ,0.6155744194984436    ,0.6143238544464111    ,0.4852021634578705    ,0.4858371913433075
211 ,211 ,0.6137189269065857    ,0.6178539395332336    ,0.5154197812080383    ,0.5195351243019104
212 ,212 ,0.7697746753692627    ,0.7699940800666809    ,0.6926764249801636    ,0.692606508731842
213 ,213 ,0.6355660557746887    ,0.6355865597724915    ,0.7018798589706421    ,0.7019979953765869
214 ,214 ,0.546393096446991     ,0.543592095375061     ,0.7105290293693542    ,0.7063420414924622
215 ,215 ,0.3970687687397003    ,0.397293359041214     ,0.3803170323371887    ,0.3802030384540558
216 ,216 ,0.07532942295074463   ,0.0751107856631279    ,0.8940938711166382    ,0.889664351940155
217 ,217 ,0.7769567966461182    ,0.7769573330879211    ,0.0989924818277359    ,0.09933795034885406
218 ,218 ,0.7173852324485779    ,0.7171656489372253    ,0.5855262875556946    ,0.5860403776168823
219 ,219 ,0.6764640808105469    ,0.677528440952301     ,0.6730934381484985    ,0.6740753650665283
220 ,220 ,0.5793001651763916    ,0.5862981081008911    ,0.21147941052913666   ,0.21973371505737305
221 ,221 ,0.7752997279167175    ,0.7791230082511902    ,0.06952878087759018   ,0.06931033730506897
222 ,222 ,0.0350092276930809    ,0.03469448909163475   ,0.8029801249504089    ,0.8056952357292175
223 ,223 ,0.49647006392478943   ,0.49608802795410156   ,0.5624450445175171    ,0.5620531439781189
224 ,224 ,0.5339853167533875    ,0.5306977033615112    ,0.8165929913520813    ,0.8201380372047424
225 ,225 ,0.4178164601325989    ,0.41825807094573975   ,0.36139944195747375   ,0.3603300452232361
226 ,226 ,0.5978646874427795    ,0.5945398807525635    ,0.6487747430801392    ,0.6461302042007446
227 ,227 ,0.9862004518508911    ,0.98646080493927      ,0.11953812092542648   ,0.11287734657526016
228 ,228 ,0.733230471611023     ,0.7319653034210205    ,0.9024098515510559    ,0.9020182490348816
229 ,229 ,0.8622901439666748    ,0.8596814870834351    ,0.5398092865943909    ,0.5370557308197021
230 ,230 ,0.18759766221046448   ,0.18931657075881958   ,0.14351409673690796   ,0.14495153725147247
231 ,231 ,0.9468538165092468    ,0.947526216506958     ,0.9418176412582397    ,0.9428719282150269
232 ,232 ,0.47479817271232605   ,0.47364383935928345   ,0.5170024633407593    ,0.5158007144927979
233 ,233 ,0.9508407711982727    ,0.9499611258506775    ,0.18722912669181824   ,0.18348707258701324
234 ,234 ,0.5146018266677856    ,0.5123899579048157    ,0.3549790680408478    ,0.3558230698108673
235 ,235 ,0.9968565702438354    ,0.9966277480125427    ,0.0004944266984239221 ,0.0004908929695375264
236 ,236 ,0.9294230341911316    ,0.9305874109268188    ,0.6346374750137329    ,0.6363788843154907
237 ,237 ,0.6665744781494141    ,0.6654964685440063    ,0.8216948509216309    ,0.8259214758872986
238 ,238 ,0.5060707330703735    ,0.5045604109764099    ,0.4773416817188263    ,0.476180762052536
239 ,239 ,0.2519057095050812    ,0.2519160211086273    ,0.34415534138679504   ,0.34339064359664917
240 ,240 ,0.5080876350402832    ,0.5129849314689636    ,0.5156288146972656    ,0.5210008025169373
241 ,241 ,0.8525812029838562    ,0.8513363003730774    ,0.8330574035644531    ,0.8316827416419983
242 ,242 ,0.7346838712692261    ,0.7366317510604858    ,0.732342004776001     ,0.7343049049377441
243 ,243 ,0.8454084992408752    ,0.8447056412696838    ,0.8122046589851379    ,0.8113539814949036
244 ,244 ,0.6810929179191589    ,0.6833372712135315    ,0.6794881224632263    ,0.6816856265068054
245 ,245 ,0.4300040006637573    ,0.4324248135089874    ,0.4594395160675049    ,0.4567791521549225
246 ,246 ,0.0020023372489959    ,0.0019891830161213875 ,0.8482491970062256    ,0.854613184928894
247 ,247 ,0.9924667477607727    ,0.9928661584854126    ,0.0032884080428630114 ,0.003053093096241355
248 ,248 ,0.8313935399055481    ,0.8338574767112732    ,0.8410806655883789    ,0.8435137867927551
249 ,249 ,0.5459230542182922    ,0.5451074838638306    ,0.6231237649917603    ,0.6222470998764038
250 ,250 ,0.526661217212677     ,0.5258156061172485    ,0.531131386756897     ,0.5316241383552551
251 ,251 ,0.0054651605896651745 ,0.005875787697732449  ,0.9767256379127502    ,0.9769246578216553
252 ,252 ,0.07284913212060928   ,0.07195526361465454   ,0.8990530967712402    ,0.900549054145813
253 ,253 ,0.6781337261199951    ,0.6763724684715271    ,0.711500883102417     ,0.7100507616996765
254 ,254 ,0.31076353788375854   ,0.3131706118583679    ,0.3347890079021454    ,0.3367491364479065
255 ,255 ,0.704359769821167     ,0.7056821584701538    ,0.7239802479743958    ,0.7250871658325195
256 ,256 ,0.7235351204872131    ,0.7247370481491089    ,0.516346275806427     ,0.5158601999282837
257 ,257 ,0.35377275943756104   ,0.35437989234924316   ,0.283746600151062     ,0.284319132566452
258 ,258 ,0.568693220615387     ,0.5684430003166199    ,0.2564166188240051    ,0.2596217095851898
259 ,259 ,0.5671112537384033    ,0.5685649514198303    ,0.6676188707351685    ,0.6694706678390503
260 ,260 ,0.20394636690616608   ,0.20359182357788086   ,0.15154936909675598   ,0.15039686858654022
261 ,261 ,0.5346846580505371    ,0.5336591601371765    ,0.4871416985988617    ,0.48627543449401855
262 ,262 ,0.9437880516052246    ,0.9448561072349548    ,0.9435341358184814    ,0.9438777565956116
263 ,263 ,0.6055554151535034    ,0.6040531396865845    ,0.3525427579879761    ,0.3510696291923523
264 ,264 ,0.47344475984573364   ,0.473688006401062     ,0.44715583324432373   ,0.4477485418319702
265 ,265 ,0.43614643812179565   ,0.4323016405105591    ,0.31501972675323486   ,0.31152772903442383
266 ,266 ,0.41583651304244995   ,0.4142994284629822    ,0.31675490736961365   ,0.3150249719619751
267 ,267 ,0.3548588752746582    ,0.3544601798057556    ,0.28765934705734253   ,0.2879558801651001
268 ,268 ,0.6287258863449097    ,0.6313164234161377    ,0.6457838416099548    ,0.6483015418052673
269 ,269 ,0.7892836928367615    ,0.7919462323188782    ,0.32825660705566406   ,0.3295447528362274
270 ,270 ,0.5961267948150635    ,0.5976178050041199    ,0.5076829791069031    ,0.5085758566856384
271 ,271 ,0.9050765633583069    ,0.9046291708946228    ,0.9543293118476868    ,0.9551777839660645
272 ,272 ,0.854147732257843     ,0.8527462482452393    ,0.4165039658546448    ,0.41780051589012146
273 ,273 ,0.40033504366874695   ,0.39926329255104065   ,0.7720334529876709    ,0.7714679837226868
274 ,274 ,0.000614224816672504  ,0.0006266123964451253 ,0.932324230670929     ,0.9343429803848267
275 ,275 ,0.7911356687545776    ,0.7893547415733337    ,0.15165087580680847   ,0.1497790664434433
276 ,276 ,0.5769115686416626    ,0.5740992426872253    ,0.7295418977737427    ,0.7260288000106812
277 ,277 ,0.6959297060966492    ,0.6921781897544861    ,0.6264199018478394    ,0.6228966116905212
278 ,278 ,0.788812518119812     ,0.7882717847824097    ,0.8249555230140686    ,0.8237635493278503
279 ,279 ,0.5048987865447998    ,0.5054312348365784    ,0.6717486381530762    ,0.6731330752372742
280 ,280 ,0.12623000144958496   ,0.12445839494466782   ,0.3467657268047333    ,0.3435479998588562
281 ,281 ,0.23155175149440765   ,0.23495139181613922   ,0.2633073031902313    ,0.2661723494529724
282 ,282 ,0.4577479660511017    ,0.45964038372039795   ,0.3821312487125397    ,0.38374942541122437
283 ,283 ,0.5572484135627747    ,0.5568454265594482    ,0.5225129723548889    ,0.5213610529899597
284 ,284 ,0.21309778094291687   ,0.21375635266304016   ,0.19973023235797882   ,0.20045220851898193
285 ,285 ,0.5150254368782043    ,0.5173301696777344    ,0.562041699886322     ,0.5619913935661316
286 ,286 ,0.6390107870101929    ,0.6389532685279846    ,0.5084713697433472    ,0.508357048034668
287 ,287 ,0.6500697731971741    ,0.6463272571563721    ,0.6236445903778076    ,0.619914710521698
288 ,288 ,0.21840892732143402   ,0.21830497682094574   ,0.3752022087574005    ,0.3755255341529846
289 ,289 ,0.41110312938690186   ,0.4117690622806549    ,0.5862173438072205    ,0.5855044722557068
290 ,290 ,0.3053661286830902    ,0.30764999985694885   ,0.5993888974189758    ,0.5991741418838501
291 ,291 ,0.27827975153923035   ,0.27858680486679077   ,0.43453434109687805   ,0.43459612131118774
292 ,292 ,0.3581632375717163    ,0.35624492168426514   ,0.1269277185201645    ,0.12476948648691177
293 ,293 ,0.45850417017936707   ,0.4583815932273865    ,0.4269981384277344    ,0.42904067039489746
294 ,294 ,0.5123177766799927    ,0.5117236375808716    ,0.43365803360939026   ,0.4343526065349579
295 ,295 ,0.1607571244239807    ,0.1609472930431366    ,0.20531664788722992   ,0.20520587265491486
296 ,296 ,0.7747610211372375    ,0.7731718420982361    ,0.8614071011543274    ,0.8611835241317749
297 ,297 ,0.6140442490577698    ,0.6171237230300903    ,0.6208315491676331    ,0.6238667368888855
298 ,298 ,0.15531392395496368   ,0.15404649078845978   ,0.195158451795578     ,0.19370529055595398
299 ,299 ,0.3105182945728302    ,0.3143194913864136    ,0.32268229126930237   ,0.32568594813346863
300 ,300 ,0.2905861735343933    ,0.2913855016231537    ,0.694513738155365     ,0.6948399543762207
301 ,301 ,0.9968385696411133    ,0.9966554641723633    ,0.0004853736609220505 ,0.00048348322161473334
302 ,302 ,0.852610170841217     ,0.852948784828186     ,0.04801809787750244   ,0.04841344431042671
303 ,303 ,0.9897350072860718    ,0.9896334409713745    ,0.9771915674209595    ,0.9771460294723511
304 ,304 ,0.26453348994255066   ,0.2649451494216919    ,0.26757973432540894   ,0.26748669147491455
305 ,305 ,0.7347748279571533    ,0.7383378744125366    ,0.6926949620246887    ,0.6950581073760986
306 ,306 ,0.8555046319961548    ,0.8566365838050842    ,0.555396318435669     ,0.5615114569664001
307 ,307 ,0.47481808066368103   ,0.47728413343429565   ,0.09646613150835037   ,0.09819728881120682
308 ,308 ,0.22992761433124542   ,0.22935228049755096   ,0.19575244188308716   ,0.19586791098117828
309 ,309 ,0.04264490678906441   ,0.044859401881694794  ,0.9939329028129578    ,0.994246780872345
310 ,310 ,0.827518105506897     ,0.8289938569068909    ,0.6189067959785461    ,0.6180626153945923
311 ,311 ,0.6155667304992676    ,0.6153343915939331    ,0.4396756887435913    ,0.4400717616081238
312 ,312 ,0.31173810362815857   ,0.3095247447490692    ,0.1880018562078476    ,0.18684199452400208
313 ,313 ,0.5912542939186096    ,0.5899322628974915    ,0.0773087590932846    ,0.07823571562767029
314 ,314 ,0.41111963987350464   ,0.41013261675834656   ,0.6472957134246826    ,0.646918535232544
315 ,315 ,0.6518964171409607    ,0.6541711688041687    ,0.30730924010276794   ,0.3083159327507019
316 ,316 ,0.9981327652931213    ,0.9981117248535156    ,0.9830091595649719    ,0.983292281627655
317 ,317 ,0.7861891388893127    ,0.786096453666687     ,0.8977274894714355    ,0.8966502547264099
318 ,318 ,0.9908518195152283    ,0.9911079406738281    ,0.9613024592399597    ,0.9617175459861755
319 ,319 ,0.3020282983779907    ,0.30216163396835327   ,0.17165786027908325   ,0.17002183198928833
320 ,320 ,0.3396625518798828    ,0.3375409245491028    ,0.8578919172286987    ,0.8565983772277832
321 ,321 ,0.9644962549209595    ,0.9655753970146179    ,0.9869959354400635    ,0.9877943992614746
322 ,322 ,0.5239532589912415    ,0.5261711478233337    ,0.7741986513137817    ,0.7745096683502197
323 ,323 ,0.07647891342639923   ,0.0732179805636406    ,0.8534838557243347    ,0.8529280424118042
324 ,324 ,0.28585949540138245   ,0.2915650010108948    ,0.6208889484405518    ,0.6229828000068665
325 ,325 ,0.5587922930717468    ,0.5586950182914734    ,0.9524313807487488    ,0.9478633999824524
326 ,326 ,0.8131572008132935    ,0.8126909136772156    ,0.7504784464836121    ,0.7511019110679626
327 ,327 ,0.919863224029541     ,0.9154104590415955    ,0.5310522317886353    ,0.5280407071113586
328 ,328 ,0.9781005382537842    ,0.9777225255966187    ,0.9570090174674988    ,0.9567070007324219
329 ,329 ,0.9806468486785889    ,0.9805130958557129    ,0.9676876068115234    ,0.9674587845802307
330 ,330 ,0.37906020879745483   ,0.37665504217147827   ,0.4248198866844177    ,0.4225218892097473
331 ,331 ,0.2118302881717682    ,0.2161765694618225    ,0.9263286590576172    ,0.925670862197876
332 ,332 ,0.006990638095885515  ,0.007901428267359734  ,0.9987432360649109    ,0.9987784028053284
333 ,333 ,0.5829548835754395    ,0.586819589138031     ,0.7775281071662903    ,0.7782594561576843
334 ,334 ,0.9829030632972717    ,0.9837332367897034    ,0.9485223293304443    ,0.9495151042938232
335 ,335 ,0.6670204401016235    ,0.6672858595848083    ,0.4181501269340515    ,0.4194539189338684
336 ,336 ,0.8469021916389465    ,0.8465852737426758    ,0.8006098866462708    ,0.8003292083740234
337 ,337 ,0.6541962027549744    ,0.6503579020500183    ,0.7033010721206665    ,0.6999208331108093
338 ,338 ,0.9791941046714783    ,0.9791959524154663    ,0.46621227264404297   ,0.4668958783149719
339 ,339 ,0.0005364249227568507 ,0.0005349523271434009 ,0.9976389408111572    ,0.9976578950881958
340 ,340 ,0.6856451034545898    ,0.6858157515525818    ,0.535118818283081     ,0.5342993140220642
341 ,341 ,0.5422990918159485    ,0.5411276817321777    ,0.6685861945152283    ,0.6694225072860718
342 ,342 ,0.11847284436225891   ,0.11719535291194916   ,0.03370426595211029   ,0.03313041478395462
343 ,343 ,0.9537391662597656    ,0.9532486200332642    ,0.8391891121864319    ,0.8380353450775146
344 ,344 ,0.9354488849639893    ,0.9352851510047913    ,0.9351158142089844    ,0.9344515204429626
345 ,345 ,0.9275809526443481    ,0.9277212023735046    ,0.9533071517944336    ,0.9537293910980225
346 ,346 ,0.9298091530799866    ,0.9288081526756287    ,0.158570796251297     ,0.15886010229587555
347 ,347 ,0.7490766048431396    ,0.750784695148468     ,0.8475801944732666    ,0.8490564227104187
348 ,348 ,0.5916444659233093    ,0.5924172401428223    ,0.20026971399784088   ,0.1983446180820465
349 ,349 ,0.7095243334770203    ,0.7091517448425293    ,0.9631826281547546    ,0.962313175201416
350 ,350 ,0.1925584077835083    ,0.19464954733848572   ,0.7719055414199829    ,0.7688952684402466
351 ,351 ,0.6096388101577759    ,0.608221173286438     ,0.8485336303710938    ,0.8474744558334351
352 ,352 ,0.9260937571525574    ,0.928551435470581     ,0.5992051362991333    ,0.6031545996665955
353 ,353 ,0.8417699337005615    ,0.8424944877624512    ,0.6219956874847412    ,0.6232894659042358
354 ,354 ,0.40070682764053345   ,0.39935222268104553   ,0.7487210631370544    ,0.7484844326972961
355 ,355 ,0.5164058804512024    ,0.5216356515884399    ,0.6021534204483032    ,0.6074666380882263
356 ,356 ,0.9207469820976257    ,0.9199602603912354    ,0.7263937592506409    ,0.7246091961860657
357 ,357 ,0.9384095072746277    ,0.9388220906257629    ,0.8946835994720459    ,0.8951977491378784
358 ,358 ,0.6745171546936035    ,0.6786395907402039    ,0.7572691440582275    ,0.7598785758018494
359 ,359 ,0.42394816875457764   ,0.4216960370540619    ,0.14187739789485931   ,0.14028623700141907
360 ,360 ,0.7564204931259155    ,0.752004086971283     ,0.5626004338264465    ,0.5582312345504761
361 ,361 ,0.7626120448112488    ,0.7615878582000732    ,0.7888672947883606    ,0.787483274936676
362 ,362 ,0.9351348876953125    ,0.9344769716262817    ,0.6182459592819214    ,0.6177635192871094
363 ,363 ,0.4584738612174988    ,0.46163037419319153   ,0.8946835994720459    ,0.8961689472198486
364 ,364 ,0.06445912271738052   ,0.06471017748117447   ,0.9974488615989685    ,0.9974693059921265
365 ,365 ,0.9989203214645386    ,0.9989252686500549    ,0.0005089949700050056 ,0.0005105281597934663
366 ,366 ,0.996792733669281     ,0.9965357780456543    ,0.4663652181625366    ,0.46293550729751587
367 ,367 ,0.862593412399292     ,0.8629697561264038    ,0.8616345524787903    ,0.8615536093711853
368 ,368 ,0.8483778238296509    ,0.8531872034072876    ,0.21692407131195068   ,0.22205036878585815
369 ,369 ,0.29884910583496094   ,0.299018532037735     ,0.8778910636901855    ,0.8771836161613464
370 ,370 ,0.8525939583778381    ,0.8534948825836182    ,0.7348731160163879    ,0.7362407445907593
371 ,371 ,0.0020785618107765913 ,0.0022472881246358156 ,0.9922698736190796    ,0.9921581745147705
372 ,372 ,0.5900275707244873    ,0.589684247970581     ,0.9506423473358154    ,0.9496766924858093
373 ,373 ,0.822477400302887     ,0.8214350938796997    ,0.5644939541816711    ,0.5673782229423523
374 ,374 ,0.519942045211792     ,0.5170884132385254    ,0.9793493151664734    ,0.979030191898346
375 ,375 ,0.16496843099594116   ,0.1596403270959854    ,0.05723528191447258   ,0.05442020669579506
376 ,376 ,0.9992853999137878    ,0.9993190765380859    ,0.5845519304275513    ,0.5830100774765015
377 ,377 ,0.8858403563499451    ,0.8852168917655945    ,0.8808538317680359    ,0.8802583813667297
378 ,378 ,0.899341344833374     ,0.8986237645149231    ,0.8708319067955017    ,0.8717799186706543
379 ,379 ,0.9845000505447388    ,0.9848355650901794    ,0.008139697834849358  ,0.00809541903436184
380 ,380 ,0.2852539122104645    ,0.28580236434936523   ,0.6139432191848755    ,0.6151403188705444
381 ,381 ,0.8732964396476746    ,0.8709697723388672    ,0.3383703827857971    ,0.3288537561893463
382 ,382 ,0.9927412271499634    ,0.9929758310317993    ,0.9689819812774658    ,0.9698081612586975
383 ,383 ,0.5874133706092834    ,0.588567852973938     ,0.6248913407325745    ,0.6262485384941101
384 ,384 ,0.979975163936615     ,0.9789596199989319    ,0.31795263290405273   ,0.3228743374347687
385 ,385 ,0.9908367395401001    ,0.9908154010772705    ,0.9972561001777649    ,0.9972449541091919
386 ,386 ,0.8160614967346191    ,0.8152368664741516    ,0.6759509444236755    ,0.674077033996582
387 ,387 ,0.38668838143348694   ,0.3866844177246094    ,0.47128984332084656   ,0.47053322196006775
388 ,388 ,0.953658938407898     ,0.9545871019363403    ,0.8946242332458496    ,0.895401656627655
389 ,389 ,0.06403152644634247   ,0.06371061503887177   ,0.7294546365737915    ,0.7231959104537964
390 ,390 ,0.7175745964050293    ,0.7141346335411072    ,0.15944990515708923   ,0.16279368102550507
391 ,391 ,0.42574119567871094   ,0.42647379636764526   ,0.4535454511642456    ,0.4542034864425659
392 ,392 ,0.8509649038314819    ,0.8538171052932739    ,0.8668790459632874    ,0.8701024651527405
393 ,393 ,0.7456404566764832    ,0.7480812668800354    ,0.18644367158412933   ,0.18664880096912384
394 ,394 ,0.6231609582901001    ,0.62068110704422      ,0.5419967174530029    ,0.538050651550293
395 ,395 ,0.9902215003967285    ,0.988567590713501     ,0.29146844148635864   ,0.29055801033973694
396 ,396 ,0.7695648670196533    ,0.7697257399559021    ,0.5508324503898621    ,0.552619218826294
397 ,397 ,0.34547001123428345   ,0.34566062688827515   ,0.42073580622673035   ,0.42046791315078735
398 ,398 ,0.8080556392669678    ,0.8100813627243042    ,0.8195156455039978    ,0.8215072751045227
399 ,399 ,0.9730780124664307    ,0.9738301634788513    ,0.742502748966217     ,0.7439349293708801
